{
  "accuracy": 0.9439242049649473,
  "precision": 0.3606759176365264,
  "recall": 0.7798209533026857,
  "f1_score": 0.4932282500573877,
  "auc_roc": 0.9430675382424494,
  "optimal_threshold": 0.5900000000000003,
  "confusion_matrix": [
    [
      108262,
      5713
    ],
    [
      910,
      3223
    ]
  ]
}